,id
0,668fe613e3b7f1000877e41a
1,66911effe3b7f100087f2886
2,6694eedde3b7f10008e1fe34
3,6696762ce3b7f100086e80ff
4,66aba3dbf5b1680007462b04
5,66b957fcee77e40008e8bd24
6,66ba0bdcee77e400080a17c9
7,66ba1f48ee77e40008299362
8,66ba2030ee77e400082b159f
9,66ba256aee77e4000833ace1
10,66ba2627ee77e4000834ef37
11,66ba2da5ee77e4000841326d
12,66ba3915ee77e4000854547d
13,66ba3ce1ee77e400085a92b0
14,66ba3d83ee77e400085b9fa7
15,66ba3df8ee77e400085c4fe6
16,66ba3e03ee77e400085c6d2a
17,66ba3e05ee77e400085c7259
18,66ba3fdfee77e400085f7ef7
19,66ba41fcee77e4000862eb9b
20,66bccabdee77e400087c453b
21,66d59654d542d600073799fd
22,66d7068cd542d60007909160
23,66e1954624e53f00087a3bfd
24,66e4852dc7746b0007bb599d
